"Classification","Year","Period","Period.Desc.","Aggregate.Level","Is.Leaf.Code","Trade.Flow.Code","Trade.Flow","Reporter.Code","Reporter","Reporter.ISO","Partner.Code","Partner","Partner.ISO","X2nd.Partner.Code","X2nd.Partner","X2nd.Partner.ISO","Customs.Proc..Code","Customs","Mode.of.Transport.Code","Mode.of.Transport","Commodity.Code","Commodity","Qty.Unit.Code","Qty.Unit","Qty","Alt.Qty.Unit.Code","Alt.Qty.Unit","Alt.Qty","Netweight..kg.","Gross.weight..kg.","Trade.Value..US..","CIF.Trade.Value..US..","FOB.Trade.Value..US..","Flag"
"HS",2013,201301,"January 2013",4,0,1,"Imports",31,"Azerbaijan",NA,643,"Russian Federation",NA,NA,NA,NA,NA,NA,NA,NA,406,"Cheese and curd",NA,NA,NA,NA,NA,NA,209390,NA,380113,NA,NA,0
"HS",2013,201302,"February 2013",4,0,1,"Imports",31,"Azerbaijan",NA,643,"Russian Federation",NA,NA,NA,NA,NA,NA,NA,NA,406,"Cheese and curd",NA,NA,NA,NA,NA,NA,164704,NA,387424,NA,NA,0
"HS",2013,201303,"March 2013",4,0,1,"Imports",31,"Azerbaijan",NA,643,"Russian Federation",NA,NA,NA,NA,NA,NA,NA,NA,406,"Cheese and curd",NA,NA,NA,NA,NA,NA,177161,NA,304242,NA,NA,0
"HS",2013,201304,"April 2013",4,0,1,"Imports",31,"Azerbaijan",NA,643,"Russian Federation",NA,NA,NA,NA,NA,NA,NA,NA,406,"Cheese and curd",NA,NA,NA,NA,NA,NA,244720,NA,478575,NA,NA,0
"HS",2013,201305,"May 2013",4,0,1,"Imports",31,"Azerbaijan",NA,643,"Russian Federation",NA,NA,NA,NA,NA,NA,NA,NA,406,"Cheese and curd",NA,NA,NA,NA,NA,NA,186158,NA,338000,NA,NA,0
"HS",2013,201306,"June 2013",4,0,1,"Imports",31,"Azerbaijan",NA,643,"Russian Federation",NA,NA,NA,NA,NA,NA,NA,NA,406,"Cheese and curd",NA,NA,NA,NA,NA,NA,125439,NA,239674,NA,NA,0
"HS",2013,201307,"July 2013",4,0,1,"Imports",31,"Azerbaijan",NA,643,"Russian Federation",NA,NA,NA,NA,NA,NA,NA,NA,406,"Cheese and curd",NA,NA,NA,NA,NA,NA,148079,NA,227179,NA,NA,0
"HS",2013,201308,"August 2013",4,0,1,"Imports",31,"Azerbaijan",NA,643,"Russian Federation",NA,NA,NA,NA,NA,NA,NA,NA,406,"Cheese and curd",NA,NA,NA,NA,NA,NA,153971,NA,297860,NA,NA,0
"HS",2013,201309,"September 2013",4,0,1,"Imports",31,"Azerbaijan",NA,643,"Russian Federation",NA,NA,NA,NA,NA,NA,NA,NA,406,"Cheese and curd",NA,NA,NA,NA,NA,NA,131916,NA,240153,NA,NA,0
"HS",2013,201310,"October 2013",4,0,1,"Imports",31,"Azerbaijan",NA,643,"Russian Federation",NA,NA,NA,NA,NA,NA,NA,NA,406,"Cheese and curd",NA,NA,NA,NA,NA,NA,169115,NA,330429,NA,NA,0
"HS",2013,201311,"November 2013",4,0,1,"Imports",31,"Azerbaijan",NA,643,"Russian Federation",NA,NA,NA,NA,NA,NA,NA,NA,406,"Cheese and curd",NA,NA,NA,NA,NA,NA,167358,NA,314826,NA,NA,0
"HS",2013,201301,"January 2013",4,0,1,"Imports",51,"Armenia",NA,643,"Russian Federation",NA,NA,NA,NA,NA,NA,NA,NA,406,"Cheese and curd",NA,NA,NA,NA,NA,NA,4772,NA,14638,NA,NA,0
"HS",2013,201302,"February 2013",4,0,1,"Imports",51,"Armenia",NA,643,"Russian Federation",NA,NA,NA,NA,NA,NA,NA,NA,406,"Cheese and curd",NA,NA,NA,NA,NA,NA,15644,NA,84481,NA,NA,0
"HS",2013,201303,"March 2013",4,0,1,"Imports",51,"Armenia",NA,643,"Russian Federation",NA,NA,NA,NA,NA,NA,NA,NA,406,"Cheese and curd",NA,NA,NA,NA,NA,NA,11336,NA,63226,NA,NA,0
"HS",2013,201304,"April 2013",4,0,1,"Imports",51,"Armenia",NA,643,"Russian Federation",NA,NA,NA,NA,NA,NA,NA,NA,406,"Cheese and curd",NA,NA,NA,NA,NA,NA,9505,NA,43718,NA,NA,0
"HS",2013,201305,"May 2013",4,0,1,"Imports",51,"Armenia",NA,643,"Russian Federation",NA,NA,NA,NA,NA,NA,NA,NA,406,"Cheese and curd",NA,NA,NA,NA,NA,NA,15543,NA,73361,NA,NA,0
"HS",2013,201306,"June 2013",4,0,1,"Imports",51,"Armenia",NA,643,"Russian Federation",NA,NA,NA,NA,NA,NA,NA,NA,406,"Cheese and curd",NA,NA,NA,NA,NA,NA,16970,NA,71811,NA,NA,0
"HS",2013,201310,"October 2013",4,0,1,"Imports",51,"Armenia",NA,643,"Russian Federation",NA,NA,NA,NA,NA,NA,NA,NA,406,"Cheese and curd",NA,NA,NA,NA,NA,NA,18638,NA,90563,NA,NA,0
"HS",2013,201311,"November 2013",4,0,1,"Imports",51,"Armenia",NA,643,"Russian Federation",NA,NA,NA,NA,NA,NA,NA,NA,406,"Cheese and curd",NA,NA,NA,NA,NA,NA,27147,NA,138144,NA,NA,0
"HS",2013,201312,"December 2013",4,0,1,"Imports",51,"Armenia",NA,643,"Russian Federation",NA,NA,NA,NA,NA,NA,NA,NA,406,"Cheese and curd",NA,NA,NA,NA,NA,NA,13053,NA,62642,NA,NA,0
"HS",2013,201301,"January 2013",4,0,1,"Imports",97,"EU-28",NA,643,"Russian Federation",NA,NA,NA,NA,NA,NA,NA,NA,406,"Cheese and curd",NA,NA,NA,NA,NA,NA,120,NA,472,NA,NA,0
"HS",2013,201302,"February 2013",4,0,1,"Imports",97,"EU-28",NA,643,"Russian Federation",NA,NA,NA,NA,NA,NA,NA,NA,406,"Cheese and curd",NA,NA,NA,NA,NA,NA,1473,NA,15058,NA,NA,0
"HS",2013,201303,"March 2013",4,0,1,"Imports",97,"EU-28",NA,643,"Russian Federation",NA,NA,NA,NA,NA,NA,NA,NA,406,"Cheese and curd",NA,NA,NA,NA,NA,NA,461,NA,3008,NA,NA,0
"HS",2013,201304,"April 2013",4,0,1,"Imports",97,"EU-28",NA,643,"Russian Federation",NA,NA,NA,NA,NA,NA,NA,NA,406,"Cheese and curd",NA,NA,NA,NA,NA,NA,50,NA,266,NA,NA,0
"HS",2013,201306,"June 2013",4,0,1,"Imports",97,"EU-28",NA,643,"Russian Federation",NA,NA,NA,NA,NA,NA,NA,NA,406,"Cheese and curd",NA,NA,NA,NA,NA,NA,1315,NA,17143,NA,NA,0
"HS",2013,201307,"July 2013",4,0,1,"Imports",97,"EU-28",NA,643,"Russian Federation",NA,NA,NA,NA,NA,NA,NA,NA,406,"Cheese and curd",NA,NA,NA,NA,NA,NA,20850,NA,98223,NA,NA,0
"HS",2013,201308,"August 2013",4,0,1,"Imports",97,"EU-28",NA,643,"Russian Federation",NA,NA,NA,NA,NA,NA,NA,NA,406,"Cheese and curd",NA,NA,NA,NA,NA,NA,1354,NA,14098,NA,NA,0
"HS",2013,201309,"September 2013",4,0,1,"Imports",97,"EU-28",NA,643,"Russian Federation",NA,NA,NA,NA,NA,NA,NA,NA,406,"Cheese and curd",NA,NA,NA,NA,NA,NA,15671,NA,83366,NA,NA,0
"HS",2013,201310,"October 2013",4,0,1,"Imports",97,"EU-28",NA,643,"Russian Federation",NA,NA,NA,NA,NA,NA,NA,NA,406,"Cheese and curd",NA,NA,NA,NA,NA,NA,426530,NA,2180002,NA,NA,0
"HS",2013,201311,"November 2013",4,0,1,"Imports",97,"EU-28",NA,643,"Russian Federation",NA,NA,NA,NA,NA,NA,NA,NA,406,"Cheese and curd",NA,NA,NA,NA,NA,NA,1279,NA,14474,NA,NA,0
"HS",2013,201312,"December 2013",4,0,1,"Imports",97,"EU-28",NA,643,"Russian Federation",NA,NA,NA,NA,NA,NA,NA,NA,406,"Cheese and curd",NA,NA,NA,NA,NA,NA,20872,NA,141019,NA,NA,0
"HS",2013,201301,"January 2013",4,0,1,"Imports",112,"Belarus",NA,643,"Russian Federation",NA,NA,NA,NA,NA,NA,NA,NA,406,"Cheese and curd",NA,NA,NA,NA,NA,NA,215263,NA,837600,NA,NA,0
"HS",2013,201302,"February 2013",4,0,1,"Imports",112,"Belarus",NA,643,"Russian Federation",NA,NA,NA,NA,NA,NA,NA,NA,406,"Cheese and curd",NA,NA,NA,NA,NA,NA,231924,NA,1135200,NA,NA,0
"HS",2013,201303,"March 2013",4,0,1,"Imports",112,"Belarus",NA,643,"Russian Federation",NA,NA,NA,NA,NA,NA,NA,NA,406,"Cheese and curd",NA,NA,NA,NA,NA,NA,264293,NA,1102700,NA,NA,0
"HS",2013,201304,"April 2013",4,0,1,"Imports",112,"Belarus",NA,643,"Russian Federation",NA,NA,NA,NA,NA,NA,NA,NA,406,"Cheese and curd",NA,NA,NA,NA,NA,NA,311347,NA,1329400,NA,NA,0
"HS",2013,201305,"May 2013",4,0,1,"Imports",112,"Belarus",NA,643,"Russian Federation",NA,NA,NA,NA,NA,NA,NA,NA,406,"Cheese and curd",NA,NA,NA,NA,NA,NA,228925,NA,955900,NA,NA,0
"HS",2013,201306,"June 2013",4,0,1,"Imports",112,"Belarus",NA,643,"Russian Federation",NA,NA,NA,NA,NA,NA,NA,NA,406,"Cheese and curd",NA,NA,NA,NA,NA,NA,255987,NA,1089800,NA,NA,0
"HS",2013,201307,"July 2013",4,0,1,"Imports",112,"Belarus",NA,643,"Russian Federation",NA,NA,NA,NA,NA,NA,NA,NA,406,"Cheese and curd",NA,NA,NA,NA,NA,NA,326805,NA,1304300,NA,NA,0
"HS",2013,201308,"August 2013",4,0,1,"Imports",112,"Belarus",NA,643,"Russian Federation",NA,NA,NA,NA,NA,NA,NA,NA,406,"Cheese and curd",NA,NA,NA,NA,NA,NA,401914,NA,1608200,NA,NA,0
"HS",2013,201309,"September 2013",4,0,1,"Imports",112,"Belarus",NA,643,"Russian Federation",NA,NA,NA,NA,NA,NA,NA,NA,406,"Cheese and curd",NA,NA,NA,NA,NA,NA,356954,NA,1700700,NA,NA,0
"HS",2013,201310,"October 2013",4,0,1,"Imports",112,"Belarus",NA,643,"Russian Federation",NA,NA,NA,NA,NA,NA,NA,NA,406,"Cheese and curd",NA,NA,NA,NA,NA,NA,489712,NA,2314800,NA,NA,0
"HS",2013,201311,"November 2013",4,0,1,"Imports",112,"Belarus",NA,643,"Russian Federation",NA,NA,NA,NA,NA,NA,NA,NA,406,"Cheese and curd",NA,NA,NA,NA,NA,NA,506639,NA,2457200,NA,NA,0
"HS",2013,201312,"December 2013",4,0,1,"Imports",112,"Belarus",NA,643,"Russian Federation",NA,NA,NA,NA,NA,NA,NA,NA,406,"Cheese and curd",NA,NA,NA,NA,NA,NA,547038,NA,2839700,NA,NA,0
"HS",2013,201312,"December 2013",4,0,1,"Imports",246,"Finland",NA,643,"Russian Federation",NA,NA,NA,NA,NA,NA,NA,NA,406,"Cheese and curd",NA,NA,NA,NA,NA,NA,19600,NA,126984,NA,NA,0
"HS",2013,201302,"February 2013",4,0,1,"Imports",251,"France",NA,643,"Russian Federation",NA,NA,NA,NA,NA,NA,NA,NA,406,"Cheese and curd",NA,NA,NA,NA,NA,NA,100,NA,842,NA,NA,0
"HS",2013,201301,"January 2013",4,0,1,"Imports",268,"Georgia",NA,643,"Russian Federation",NA,NA,NA,NA,NA,NA,NA,NA,406,"Cheese and curd",NA,NA,NA,NA,NA,NA,39814,NA,167996,NA,NA,0
"HS",2013,201302,"February 2013",4,0,1,"Imports",268,"Georgia",NA,643,"Russian Federation",NA,NA,NA,NA,NA,NA,NA,NA,406,"Cheese and curd",NA,NA,NA,NA,NA,NA,37973,NA,152387,NA,NA,0
"HS",2013,201303,"March 2013",4,0,1,"Imports",268,"Georgia",NA,643,"Russian Federation",NA,NA,NA,NA,NA,NA,NA,NA,406,"Cheese and curd",NA,NA,NA,NA,NA,NA,39974,NA,166988,NA,NA,0
"HS",2013,201304,"April 2013",4,0,1,"Imports",268,"Georgia",NA,643,"Russian Federation",NA,NA,NA,NA,NA,NA,NA,NA,406,"Cheese and curd",NA,NA,NA,NA,NA,NA,23705,NA,81856,NA,NA,0
"HS",2013,201305,"May 2013",4,0,1,"Imports",268,"Georgia",NA,643,"Russian Federation",NA,NA,NA,NA,NA,NA,NA,NA,406,"Cheese and curd",NA,NA,NA,NA,NA,NA,48730,NA,195556,NA,NA,0
"HS",2013,201306,"June 2013",4,0,1,"Imports",268,"Georgia",NA,643,"Russian Federation",NA,NA,NA,NA,NA,NA,NA,NA,406,"Cheese and curd",NA,NA,NA,NA,NA,NA,34741,NA,134100,NA,NA,0
"HS",2013,201307,"July 2013",4,0,1,"Imports",268,"Georgia",NA,643,"Russian Federation",NA,NA,NA,NA,NA,NA,NA,NA,406,"Cheese and curd",NA,NA,NA,NA,NA,NA,35873,NA,124629,NA,NA,0
"HS",2013,201308,"August 2013",4,0,1,"Imports",268,"Georgia",NA,643,"Russian Federation",NA,NA,NA,NA,NA,NA,NA,NA,406,"Cheese and curd",NA,NA,NA,NA,NA,NA,31124,NA,120311,NA,NA,0
"HS",2013,201309,"September 2013",4,0,1,"Imports",268,"Georgia",NA,643,"Russian Federation",NA,NA,NA,NA,NA,NA,NA,NA,406,"Cheese and curd",NA,NA,NA,NA,NA,NA,46330,NA,185004,NA,NA,0
"HS",2013,201310,"October 2013",4,0,1,"Imports",268,"Georgia",NA,643,"Russian Federation",NA,NA,NA,NA,NA,NA,NA,NA,406,"Cheese and curd",NA,NA,NA,NA,NA,NA,63373,NA,262631,NA,NA,0
"HS",2013,201311,"November 2013",4,0,1,"Imports",268,"Georgia",NA,643,"Russian Federation",NA,NA,NA,NA,NA,NA,NA,NA,406,"Cheese and curd",NA,NA,NA,NA,NA,NA,66365,NA,230428,NA,NA,0
"HS",2013,201312,"December 2013",4,0,1,"Imports",268,"Georgia",NA,643,"Russian Federation",NA,NA,NA,NA,NA,NA,NA,NA,406,"Cheese and curd",NA,NA,NA,NA,NA,NA,45997,NA,156570,NA,NA,0
"HS",2013,201301,"January 2013",4,0,1,"Imports",276,"Germany",NA,643,"Russian Federation",NA,NA,NA,NA,NA,NA,NA,NA,406,"Cheese and curd",NA,NA,NA,NA,NA,NA,120,NA,472,NA,NA,0
"HS",2013,201302,"February 2013",4,0,1,"Imports",276,"Germany",NA,643,"Russian Federation",NA,NA,NA,NA,NA,NA,NA,NA,406,"Cheese and curd",NA,NA,NA,NA,NA,NA,1393,NA,14222,NA,NA,0
"HS",2013,201303,"March 2013",4,0,1,"Imports",276,"Germany",NA,643,"Russian Federation",NA,NA,NA,NA,NA,NA,NA,NA,406,"Cheese and curd",NA,NA,NA,NA,NA,NA,461,NA,3008,NA,NA,0
"HS",2013,201304,"April 2013",4,0,1,"Imports",276,"Germany",NA,643,"Russian Federation",NA,NA,NA,NA,NA,NA,NA,NA,406,"Cheese and curd",NA,NA,NA,NA,NA,NA,50,NA,266,NA,NA,0
"HS",2013,201306,"June 2013",4,0,1,"Imports",276,"Germany",NA,643,"Russian Federation",NA,NA,NA,NA,NA,NA,NA,NA,406,"Cheese and curd",NA,NA,NA,NA,NA,NA,1296,NA,16895,NA,NA,0
"HS",2013,201307,"July 2013",4,0,1,"Imports",276,"Germany",NA,643,"Russian Federation",NA,NA,NA,NA,NA,NA,NA,NA,406,"Cheese and curd",NA,NA,NA,NA,NA,NA,1324,NA,13695,NA,NA,0
"HS",2013,201308,"August 2013",4,0,1,"Imports",276,"Germany",NA,643,"Russian Federation",NA,NA,NA,NA,NA,NA,NA,NA,406,"Cheese and curd",NA,NA,NA,NA,NA,NA,1354,NA,14098,NA,NA,0
"HS",2013,201309,"September 2013",4,0,1,"Imports",276,"Germany",NA,643,"Russian Federation",NA,NA,NA,NA,NA,NA,NA,NA,406,"Cheese and curd",NA,NA,NA,NA,NA,NA,1287,NA,14489,NA,NA,0
"HS",2013,201310,"October 2013",4,0,1,"Imports",276,"Germany",NA,643,"Russian Federation",NA,NA,NA,NA,NA,NA,NA,NA,406,"Cheese and curd",NA,NA,NA,NA,NA,NA,1165,NA,12977,NA,NA,0
"HS",2013,201311,"November 2013",4,0,1,"Imports",276,"Germany",NA,643,"Russian Federation",NA,NA,NA,NA,NA,NA,NA,NA,406,"Cheese and curd",NA,NA,NA,NA,NA,NA,1279,NA,14474,NA,NA,0
"HS",2013,201312,"December 2013",4,0,1,"Imports",276,"Germany",NA,643,"Russian Federation",NA,NA,NA,NA,NA,NA,NA,NA,406,"Cheese and curd",NA,NA,NA,NA,NA,NA,1299,NA,14024,NA,NA,0
"HS",2013,201302,"February 2013",4,0,1,"Imports",376,"Israel",NA,643,"Russian Federation",NA,NA,NA,NA,NA,NA,NA,NA,406,"Cheese and curd",NA,NA,NA,NA,NA,NA,NA,NA,6000,NA,NA,0
"HS",2013,201305,"May 2013",4,0,1,"Imports",376,"Israel",NA,643,"Russian Federation",NA,NA,NA,NA,NA,NA,NA,NA,406,"Cheese and curd",NA,NA,NA,NA,NA,NA,NA,NA,4000,NA,NA,0
"HS",2013,201308,"August 2013",4,0,1,"Imports",376,"Israel",NA,643,"Russian Federation",NA,NA,NA,NA,NA,NA,NA,NA,406,"Cheese and curd",NA,NA,NA,NA,NA,NA,NA,NA,4000,NA,NA,0
"HS",2013,201310,"October 2013",4,0,1,"Imports",376,"Israel",NA,643,"Russian Federation",NA,NA,NA,NA,NA,NA,NA,NA,406,"Cheese and curd",NA,NA,NA,NA,NA,NA,NA,NA,4000,NA,NA,0
"HS",2013,201312,"December 2013",4,0,1,"Imports",376,"Israel",NA,643,"Russian Federation",NA,NA,NA,NA,NA,NA,NA,NA,406,"Cheese and curd",NA,NA,NA,NA,NA,NA,NA,NA,4000,NA,NA,0
"HS",2013,201306,"June 2013",4,0,1,"Imports",392,"Japan",NA,643,"Russian Federation",NA,NA,NA,NA,NA,NA,NA,NA,406,"Cheese and curd",NA,NA,NA,NA,NA,NA,64,NA,5897,NA,NA,0
"HS",2013,201312,"December 2013",4,0,1,"Imports",392,"Japan",NA,643,"Russian Federation",NA,NA,NA,NA,NA,NA,NA,NA,406,"Cheese and curd",NA,NA,NA,NA,NA,NA,109,NA,6982,NA,NA,0
"HS",2013,201301,"January 2013",4,0,1,"Imports",398,"Kazakhstan",NA,643,"Russian Federation",NA,NA,NA,NA,NA,NA,NA,NA,406,"Cheese and curd",NA,NA,NA,NA,NA,NA,NA,NA,3127789,NA,NA,0
"HS",2013,201302,"February 2013",4,0,1,"Imports",398,"Kazakhstan",NA,643,"Russian Federation",NA,NA,NA,NA,NA,NA,NA,NA,406,"Cheese and curd",NA,NA,NA,NA,NA,NA,NA,NA,3362347,NA,NA,0
"HS",2013,201303,"March 2013",4,0,1,"Imports",398,"Kazakhstan",NA,643,"Russian Federation",NA,NA,NA,NA,NA,NA,NA,NA,406,"Cheese and curd",NA,NA,NA,NA,NA,NA,NA,NA,3724169,NA,NA,0
"HS",2013,201304,"April 2013",4,0,1,"Imports",398,"Kazakhstan",NA,643,"Russian Federation",NA,NA,NA,NA,NA,NA,NA,NA,406,"Cheese and curd",NA,NA,NA,NA,NA,NA,NA,NA,3460819,NA,NA,0
"HS",2013,201305,"May 2013",4,0,1,"Imports",398,"Kazakhstan",NA,643,"Russian Federation",NA,NA,NA,NA,NA,NA,NA,NA,406,"Cheese and curd",NA,NA,NA,NA,NA,NA,NA,NA,3516782,NA,NA,0
"HS",2013,201306,"June 2013",4,0,1,"Imports",398,"Kazakhstan",NA,643,"Russian Federation",NA,NA,NA,NA,NA,NA,NA,NA,406,"Cheese and curd",NA,NA,NA,NA,NA,NA,NA,NA,3252873,NA,NA,0
"HS",2013,201307,"July 2013",4,0,1,"Imports",398,"Kazakhstan",NA,643,"Russian Federation",NA,NA,NA,NA,NA,NA,NA,NA,406,"Cheese and curd",NA,NA,NA,NA,NA,NA,NA,NA,3525925,NA,NA,0
"HS",2013,201308,"August 2013",4,0,1,"Imports",398,"Kazakhstan",NA,643,"Russian Federation",NA,NA,NA,NA,NA,NA,NA,NA,406,"Cheese and curd",NA,NA,NA,NA,NA,NA,NA,NA,3760919,NA,NA,0
"HS",2013,201309,"September 2013",4,0,1,"Imports",398,"Kazakhstan",NA,643,"Russian Federation",NA,NA,NA,NA,NA,NA,NA,NA,406,"Cheese and curd",NA,NA,NA,NA,NA,NA,NA,NA,4226162,NA,NA,0
"HS",2013,201310,"October 2013",4,0,1,"Imports",398,"Kazakhstan",NA,643,"Russian Federation",NA,NA,NA,NA,NA,NA,NA,NA,406,"Cheese and curd",NA,NA,NA,NA,NA,NA,925389,NA,4837792,NA,NA,0
"HS",2013,201311,"November 2013",4,0,1,"Imports",398,"Kazakhstan",NA,643,"Russian Federation",NA,NA,NA,NA,NA,NA,NA,NA,406,"Cheese and curd",NA,NA,NA,NA,NA,NA,NA,NA,3985962,NA,NA,0
"HS",2013,201312,"December 2013",4,0,1,"Imports",398,"Kazakhstan",NA,643,"Russian Federation",NA,NA,NA,NA,NA,NA,NA,NA,406,"Cheese and curd",NA,NA,NA,NA,NA,NA,NA,NA,4460450,NA,NA,0
"HS",2013,201303,"March 2013",4,0,1,"Imports",400,"Jordan",NA,643,"Russian Federation",NA,NA,NA,NA,NA,NA,NA,NA,406,"Cheese and curd",NA,NA,NA,NA,NA,NA,294,NA,1390,NA,NA,0
"HS",2013,201304,"April 2013",4,0,1,"Imports",400,"Jordan",NA,643,"Russian Federation",NA,NA,NA,NA,NA,NA,NA,NA,406,"Cheese and curd",NA,NA,NA,NA,NA,NA,1024,NA,4946,NA,NA,0
"HS",2013,201306,"June 2013",4,0,1,"Imports",400,"Jordan",NA,643,"Russian Federation",NA,NA,NA,NA,NA,NA,NA,NA,406,"Cheese and curd",NA,NA,NA,NA,NA,NA,419,NA,2472,NA,NA,0
"HS",2013,201308,"August 2013",4,0,1,"Imports",400,"Jordan",NA,643,"Russian Federation",NA,NA,NA,NA,NA,NA,NA,NA,406,"Cheese and curd",NA,NA,NA,NA,NA,NA,170,NA,735,NA,NA,0
"HS",2013,201309,"September 2013",4,0,1,"Imports",400,"Jordan",NA,643,"Russian Federation",NA,NA,NA,NA,NA,NA,NA,NA,406,"Cheese and curd",NA,NA,NA,NA,NA,NA,362,NA,2123,NA,NA,0
"HS",2013,201310,"October 2013",4,0,1,"Imports",400,"Jordan",NA,643,"Russian Federation",NA,NA,NA,NA,NA,NA,NA,NA,406,"Cheese and curd",NA,NA,NA,NA,NA,NA,241,NA,1111,NA,NA,0
"HS",2013,201311,"November 2013",4,0,1,"Imports",400,"Jordan",NA,643,"Russian Federation",NA,NA,NA,NA,NA,NA,NA,NA,406,"Cheese and curd",NA,NA,NA,NA,NA,NA,259,NA,1208,NA,NA,0
"HS",2013,201302,"February 2013",4,0,1,"Imports",417,"Kyrgyzstan",NA,643,"Russian Federation",NA,NA,NA,NA,NA,NA,NA,NA,406,"Cheese and curd",NA,NA,NA,NA,NA,NA,38310,NA,176442,NA,NA,0
"HS",2013,201303,"March 2013",4,0,1,"Imports",417,"Kyrgyzstan",NA,643,"Russian Federation",NA,NA,NA,NA,NA,NA,NA,NA,406,"Cheese and curd",NA,NA,NA,NA,NA,NA,75487,NA,319658,NA,NA,0
"HS",2013,201304,"April 2013",4,0,1,"Imports",417,"Kyrgyzstan",NA,643,"Russian Federation",NA,NA,NA,NA,NA,NA,NA,NA,406,"Cheese and curd",NA,NA,NA,NA,NA,NA,90195,NA,396155,NA,NA,0
"HS",2013,201305,"May 2013",4,0,1,"Imports",417,"Kyrgyzstan",NA,643,"Russian Federation",NA,NA,NA,NA,NA,NA,NA,NA,406,"Cheese and curd",NA,NA,NA,NA,NA,NA,122765,NA,560915,NA,NA,0
"HS",2013,201306,"June 2013",4,0,1,"Imports",417,"Kyrgyzstan",NA,643,"Russian Federation",NA,NA,NA,NA,NA,NA,NA,NA,406,"Cheese and curd",NA,NA,NA,NA,NA,NA,162599,NA,736356,NA,NA,0
"HS",2013,201307,"July 2013",4,0,1,"Imports",417,"Kyrgyzstan",NA,643,"Russian Federation",NA,NA,NA,NA,NA,NA,NA,NA,406,"Cheese and curd",NA,NA,NA,NA,NA,NA,192982,NA,896301,NA,NA,0
"HS",2013,201309,"September 2013",4,0,1,"Imports",417,"Kyrgyzstan",NA,643,"Russian Federation",NA,NA,NA,NA,NA,NA,NA,NA,406,"Cheese and curd",NA,NA,NA,NA,NA,NA,234302,NA,1118817,NA,NA,0
"HS",2013,201310,"October 2013",4,0,1,"Imports",417,"Kyrgyzstan",NA,643,"Russian Federation",NA,NA,NA,NA,NA,NA,NA,NA,406,"Cheese and curd",NA,NA,NA,NA,NA,NA,291876,NA,1398413,NA,NA,0
"HS",2013,201311,"November 2013",4,0,1,"Imports",417,"Kyrgyzstan",NA,643,"Russian Federation",NA,NA,NA,NA,NA,NA,NA,NA,406,"Cheese and curd",NA,NA,NA,NA,NA,NA,320973,NA,1526255,NA,NA,0
"HS",2013,201312,"December 2013",4,0,1,"Imports",417,"Kyrgyzstan",NA,643,"Russian Federation",NA,NA,NA,NA,NA,NA,NA,NA,406,"Cheese and curd",NA,NA,NA,NA,NA,NA,364772,NA,1712312,NA,NA,0
"HS",2013,201307,"July 2013",4,0,1,"Imports",440,"Lithuania",NA,643,"Russian Federation",NA,NA,NA,NA,NA,NA,NA,NA,406,"Cheese and curd",NA,NA,NA,NA,NA,NA,19499,NA,84265,NA,NA,0
"HS",2013,201310,"October 2013",4,0,1,"Imports",440,"Lithuania",NA,643,"Russian Federation",NA,NA,NA,NA,NA,NA,NA,NA,406,"Cheese and curd",NA,NA,NA,NA,NA,NA,425363,NA,2165732,NA,NA,0
"HS",2013,201312,"December 2013",4,0,1,"Imports",440,"Lithuania",NA,643,"Russian Federation",NA,NA,NA,NA,NA,NA,NA,NA,406,"Cheese and curd",NA,NA,NA,NA,NA,NA,1,NA,15,NA,NA,0
"HS",2013,201301,"January 2013",4,0,1,"Imports",480,"Mauritius",NA,643,"Russian Federation",NA,NA,NA,NA,NA,NA,NA,NA,406,"Cheese and curd",NA,NA,NA,NA,NA,NA,10,NA,51,NA,NA,0
"HS",2013,201303,"March 2013",4,0,1,"Imports",480,"Mauritius",NA,643,"Russian Federation",NA,NA,NA,NA,NA,NA,NA,NA,406,"Cheese and curd",NA,NA,NA,NA,NA,NA,2,NA,49,NA,NA,0
"HS",2013,201304,"April 2013",4,0,1,"Imports",480,"Mauritius",NA,643,"Russian Federation",NA,NA,NA,NA,NA,NA,NA,NA,406,"Cheese and curd",NA,NA,NA,NA,NA,NA,5,NA,108,NA,NA,0
"HS",2013,201305,"May 2013",4,0,1,"Imports",480,"Mauritius",NA,643,"Russian Federation",NA,NA,NA,NA,NA,NA,NA,NA,406,"Cheese and curd",NA,NA,NA,NA,NA,NA,5,NA,98,NA,NA,0
"HS",2013,201308,"August 2013",4,0,1,"Imports",480,"Mauritius",NA,643,"Russian Federation",NA,NA,NA,NA,NA,NA,NA,NA,406,"Cheese and curd",NA,NA,NA,NA,NA,NA,2,NA,47,NA,NA,0
"HS",2013,201301,"January 2013",4,0,1,"Imports",498,"Rep. of Moldova",NA,643,"Russian Federation",NA,NA,NA,NA,NA,NA,NA,NA,406,"Cheese and curd",NA,NA,NA,NA,NA,NA,4080,NA,25403,NA,NA,0
"HS",2013,201302,"February 2013",4,0,1,"Imports",498,"Rep. of Moldova",NA,643,"Russian Federation",NA,NA,NA,NA,NA,NA,NA,NA,406,"Cheese and curd",NA,NA,NA,NA,NA,NA,14943,NA,74301,NA,NA,0
"HS",2013,201303,"March 2013",4,0,1,"Imports",498,"Rep. of Moldova",NA,643,"Russian Federation",NA,NA,NA,NA,NA,NA,NA,NA,406,"Cheese and curd",NA,NA,NA,NA,NA,NA,13959,NA,67486,NA,NA,0
"HS",2013,201304,"April 2013",4,0,1,"Imports",498,"Rep. of Moldova",NA,643,"Russian Federation",NA,NA,NA,NA,NA,NA,NA,NA,406,"Cheese and curd",NA,NA,NA,NA,NA,NA,1336,NA,4357,NA,NA,0
"HS",2013,201305,"May 2013",4,0,1,"Imports",498,"Rep. of Moldova",NA,643,"Russian Federation",NA,NA,NA,NA,NA,NA,NA,NA,406,"Cheese and curd",NA,NA,NA,NA,NA,NA,15139,NA,78607,NA,NA,0
"HS",2013,201306,"June 2013",4,0,1,"Imports",498,"Rep. of Moldova",NA,643,"Russian Federation",NA,NA,NA,NA,NA,NA,NA,NA,406,"Cheese and curd",NA,NA,NA,NA,NA,NA,973,NA,3075,NA,NA,0
"HS",2013,201307,"July 2013",4,0,1,"Imports",498,"Rep. of Moldova",NA,643,"Russian Federation",NA,NA,NA,NA,NA,NA,NA,NA,406,"Cheese and curd",NA,NA,NA,NA,NA,NA,17550,NA,92526,NA,NA,0
"HS",2013,201308,"August 2013",4,0,1,"Imports",498,"Rep. of Moldova",NA,643,"Russian Federation",NA,NA,NA,NA,NA,NA,NA,NA,406,"Cheese and curd",NA,NA,NA,NA,NA,NA,4018,NA,24065,NA,NA,0
"HS",2013,201309,"September 2013",4,0,1,"Imports",498,"Rep. of Moldova",NA,643,"Russian Federation",NA,NA,NA,NA,NA,NA,NA,NA,406,"Cheese and curd",NA,NA,NA,NA,NA,NA,17983,NA,88607,NA,NA,0
"HS",2013,201310,"October 2013",4,0,1,"Imports",498,"Rep. of Moldova",NA,643,"Russian Federation",NA,NA,NA,NA,NA,NA,NA,NA,406,"Cheese and curd",NA,NA,NA,NA,NA,NA,14728,NA,75759,NA,NA,0
"HS",2013,201311,"November 2013",4,0,1,"Imports",498,"Rep. of Moldova",NA,643,"Russian Federation",NA,NA,NA,NA,NA,NA,NA,NA,406,"Cheese and curd",NA,NA,NA,NA,NA,NA,17407,NA,88099,NA,NA,0
"HS",2013,201312,"December 2013",4,0,1,"Imports",498,"Rep. of Moldova",NA,643,"Russian Federation",NA,NA,NA,NA,NA,NA,NA,NA,406,"Cheese and curd",NA,NA,NA,NA,NA,NA,19137,NA,98457,NA,NA,0
"HS",2013,201309,"September 2013",4,0,1,"Imports",616,"Poland",NA,643,"Russian Federation",NA,NA,NA,NA,NA,NA,NA,NA,406,"Cheese and curd",NA,NA,NA,NA,NA,NA,14400,NA,68876,NA,NA,0
"HS",2013,201301,"January 2013",4,0,1,"Imports",643,"Russian Federation",NA,643,"Russian Federation",NA,NA,NA,NA,NA,NA,NA,NA,406,"Cheese and curd",NA,NA,NA,NA,NA,NA,21429,NA,98765,NA,NA,0
"HS",2013,201302,"February 2013",4,0,1,"Imports",643,"Russian Federation",NA,643,"Russian Federation",NA,NA,NA,NA,NA,NA,NA,NA,406,"Cheese and curd",NA,NA,NA,NA,NA,NA,22617,NA,116800,NA,NA,0
"HS",2013,201303,"March 2013",4,0,1,"Imports",643,"Russian Federation",NA,643,"Russian Federation",NA,NA,NA,NA,NA,NA,NA,NA,406,"Cheese and curd",NA,NA,NA,NA,NA,NA,29956,NA,149587,NA,NA,0
"HS",2013,201304,"April 2013",4,0,1,"Imports",643,"Russian Federation",NA,643,"Russian Federation",NA,NA,NA,NA,NA,NA,NA,NA,406,"Cheese and curd",NA,NA,NA,NA,NA,NA,10628,NA,27940,NA,NA,0
"HS",2013,201305,"May 2013",4,0,1,"Imports",643,"Russian Federation",NA,643,"Russian Federation",NA,NA,NA,NA,NA,NA,NA,NA,406,"Cheese and curd",NA,NA,NA,NA,NA,NA,68151,NA,327596,NA,NA,0
"HS",2013,201306,"June 2013",4,0,1,"Imports",643,"Russian Federation",NA,643,"Russian Federation",NA,NA,NA,NA,NA,NA,NA,NA,406,"Cheese and curd",NA,NA,NA,NA,NA,NA,766,NA,1690,NA,NA,0
"HS",2013,201307,"July 2013",4,0,1,"Imports",643,"Russian Federation",NA,643,"Russian Federation",NA,NA,NA,NA,NA,NA,NA,NA,406,"Cheese and curd",NA,NA,NA,NA,NA,NA,57760,NA,298904,NA,NA,0
"HS",2013,201308,"August 2013",4,0,1,"Imports",643,"Russian Federation",NA,643,"Russian Federation",NA,NA,NA,NA,NA,NA,NA,NA,406,"Cheese and curd",NA,NA,NA,NA,NA,NA,62847,NA,339436,NA,NA,0
"HS",2013,201309,"September 2013",4,0,1,"Imports",643,"Russian Federation",NA,643,"Russian Federation",NA,NA,NA,NA,NA,NA,NA,NA,406,"Cheese and curd",NA,NA,NA,NA,NA,NA,13690,NA,72495,NA,NA,0
"HS",2013,201310,"October 2013",4,0,1,"Imports",643,"Russian Federation",NA,643,"Russian Federation",NA,NA,NA,NA,NA,NA,NA,NA,406,"Cheese and curd",NA,NA,NA,NA,NA,NA,23889,NA,73702,NA,NA,0
"HS",2013,201311,"November 2013",4,0,1,"Imports",643,"Russian Federation",NA,643,"Russian Federation",NA,NA,NA,NA,NA,NA,NA,NA,406,"Cheese and curd",NA,NA,NA,NA,NA,NA,76982,NA,460521,NA,NA,0
"HS",2013,201312,"December 2013",4,0,1,"Imports",643,"Russian Federation",NA,643,"Russian Federation",NA,NA,NA,NA,NA,NA,NA,NA,406,"Cheese and curd",NA,NA,NA,NA,NA,NA,27276,NA,152794,NA,NA,0
"HS",2013,201301,"January 2013",4,0,1,"Imports",688,"Serbia",NA,643,"Russian Federation",NA,NA,NA,NA,NA,NA,NA,NA,406,"Cheese and curd",NA,NA,NA,NA,NA,NA,18174,NA,88334,NA,NA,0
"HS",2013,201307,"July 2013",4,0,1,"Imports",688,"Serbia",NA,643,"Russian Federation",NA,NA,NA,NA,NA,NA,NA,NA,406,"Cheese and curd",NA,NA,NA,NA,NA,NA,5759,NA,29176,NA,NA,0
"HS",2013,201308,"August 2013",4,0,1,"Imports",688,"Serbia",NA,643,"Russian Federation",NA,NA,NA,NA,NA,NA,NA,NA,406,"Cheese and curd",NA,NA,NA,NA,NA,NA,6962,NA,36491,NA,NA,0
"HS",2013,201309,"September 2013",4,0,1,"Imports",688,"Serbia",NA,643,"Russian Federation",NA,NA,NA,NA,NA,NA,NA,NA,406,"Cheese and curd",NA,NA,NA,NA,NA,NA,14690,NA,70317,NA,NA,0
"HS",2013,201310,"October 2013",4,0,1,"Imports",688,"Serbia",NA,643,"Russian Federation",NA,NA,NA,NA,NA,NA,NA,NA,406,"Cheese and curd",NA,NA,NA,NA,NA,NA,12607,NA,62207,NA,NA,0
"HS",2013,201312,"December 2013",4,0,1,"Imports",688,"Serbia",NA,643,"Russian Federation",NA,NA,NA,NA,NA,NA,NA,NA,406,"Cheese and curd",NA,NA,NA,NA,NA,NA,11353,NA,56971,NA,NA,0
"HS",2013,201307,"July 2013",4,0,1,"Imports",752,"Sweden",NA,643,"Russian Federation",NA,NA,NA,NA,NA,NA,NA,NA,406,"Cheese and curd",NA,NA,NA,NA,NA,NA,NA,NA,302,NA,NA,0
"HS",2013,201301,"January 2013",4,0,1,"Imports",804,"Ukraine",NA,643,"Russian Federation",NA,NA,NA,NA,NA,NA,NA,NA,406,"Cheese and curd",NA,NA,NA,NA,NA,NA,306502,NA,1456552,NA,NA,0
"HS",2013,201302,"February 2013",4,0,1,"Imports",804,"Ukraine",NA,643,"Russian Federation",NA,NA,NA,NA,NA,NA,NA,NA,406,"Cheese and curd",NA,NA,NA,NA,NA,NA,239465,NA,1129633,NA,NA,0
"HS",2013,201303,"March 2013",4,0,1,"Imports",804,"Ukraine",NA,643,"Russian Federation",NA,NA,NA,NA,NA,NA,NA,NA,406,"Cheese and curd",NA,NA,NA,NA,NA,NA,383630,NA,1940432,NA,NA,0
"HS",2013,201304,"April 2013",4,0,1,"Imports",804,"Ukraine",NA,643,"Russian Federation",NA,NA,NA,NA,NA,NA,NA,NA,406,"Cheese and curd",NA,NA,NA,NA,NA,NA,447553,NA,2282879,NA,NA,0
"HS",2013,201305,"May 2013",4,0,1,"Imports",804,"Ukraine",NA,643,"Russian Federation",NA,NA,NA,NA,NA,NA,NA,NA,406,"Cheese and curd",NA,NA,NA,NA,NA,NA,276709,NA,1396243,NA,NA,0
"HS",2013,201306,"June 2013",4,0,1,"Imports",804,"Ukraine",NA,643,"Russian Federation",NA,NA,NA,NA,NA,NA,NA,NA,406,"Cheese and curd",NA,NA,NA,NA,NA,NA,231689,NA,1309793,NA,NA,0
"HS",2013,201307,"July 2013",4,0,1,"Imports",804,"Ukraine",NA,643,"Russian Federation",NA,NA,NA,NA,NA,NA,NA,NA,406,"Cheese and curd",NA,NA,NA,NA,NA,NA,260831,NA,1374329,NA,NA,0
"HS",2013,201308,"August 2013",4,0,1,"Imports",804,"Ukraine",NA,643,"Russian Federation",NA,NA,NA,NA,NA,NA,NA,NA,406,"Cheese and curd",NA,NA,NA,NA,NA,NA,457713,NA,2543081,NA,NA,0
"HS",2013,201309,"September 2013",4,0,1,"Imports",804,"Ukraine",NA,643,"Russian Federation",NA,NA,NA,NA,NA,NA,NA,NA,406,"Cheese and curd",NA,NA,NA,NA,NA,NA,246705,NA,1322494,NA,NA,0
"HS",2013,201310,"October 2013",4,0,1,"Imports",804,"Ukraine",NA,643,"Russian Federation",NA,NA,NA,NA,NA,NA,NA,NA,406,"Cheese and curd",NA,NA,NA,NA,NA,NA,381252,NA,2032135,NA,NA,0
"HS",2013,201311,"November 2013",4,0,1,"Imports",804,"Ukraine",NA,643,"Russian Federation",NA,NA,NA,NA,NA,NA,NA,NA,406,"Cheese and curd",NA,NA,NA,NA,NA,NA,188350,NA,1086398,NA,NA,0
"HS",2013,201312,"December 2013",4,0,1,"Imports",804,"Ukraine",NA,643,"Russian Federation",NA,NA,NA,NA,NA,NA,NA,NA,406,"Cheese and curd",NA,NA,NA,NA,NA,NA,249591,NA,1412872,NA,NA,0
"HS",2013,201304,"April 2013",4,0,1,"Imports",842,"United States of America",NA,643,"Russian Federation",NA,NA,NA,NA,NA,NA,NA,NA,406,"Cheese and curd",NA,NA,NA,NA,NA,NA,1831,NA,11570,NA,NA,0
"HS",2013,201305,"May 2013",4,0,1,"Imports",842,"United States of America",NA,643,"Russian Federation",NA,NA,NA,NA,NA,NA,NA,NA,406,"Cheese and curd",NA,NA,NA,NA,NA,NA,2351,NA,13134,NA,NA,0
"HS",2013,201309,"September 2013",4,0,1,"Imports",842,"United States of America",NA,643,"Russian Federation",NA,NA,NA,NA,NA,NA,NA,NA,406,"Cheese and curd",NA,NA,NA,NA,NA,NA,NA,NA,15754,NA,NA,0
"HS",2013,201310,"October 2013",4,0,1,"Imports",842,"United States of America",NA,643,"Russian Federation",NA,NA,NA,NA,NA,NA,NA,NA,406,"Cheese and curd",NA,NA,NA,NA,NA,NA,2107,NA,11528,NA,NA,0
"HS",2013,201311,"November 2013",4,0,1,"Imports",842,"United States of America",NA,643,"Russian Federation",NA,NA,NA,NA,NA,NA,NA,NA,406,"Cheese and curd",NA,NA,NA,NA,NA,NA,252,NA,10881,NA,NA,0
